City_ID,City,Country,Date,Lat,Lng,Max Temp,Humidity,Cloudiness,Wind Speed
0,Khatanga,RU,2022-11-17 14:16:32,71.9667,102.5,-27.42,97,100,7.23
1,Kysyl-Syr,RU,2022-11-17 14:16:32,63.8986,122.7617,-4.99,98,100,8.68
2,Zlobin,HR,2022-11-17 14:16:33,45.2924,14.6541,51.1,84,75,4.61
3,Ust-Maya,RU,2022-11-17 14:16:33,60.4167,134.5333,-34.29,100,48,1.97
4,Carnarvon,AU,2022-11-17 14:13:09,-24.8667,113.6333,66.72,60,78,16.58
5,Tasiilaq,GL,2022-11-17 14:16:33,65.6145,-37.6368,37.56,87,100,13.04
6,Rikitea,PF,2022-11-17 14:16:34,-23.1203,-134.9692,73.54,84,100,10.33
7,Georgetown,MY,2022-11-17 14:15:49,5.4112,100.3354,83.95,87,40,5.75
8,Jamestown,US,2022-11-17 14:12:40,42.097,-79.2353,30.72,80,100,9.22
9,Torbay,CA,2022-11-17 14:16:34,47.6666,-52.7314,47.75,95,100,31.07
10,Coihaique,CL,2022-11-17 14:16:35,-45.5752,-72.0662,59.61,63,75,3.44
11,Caravelas,BR,2022-11-17 14:16:35,-17.7125,-39.2481,74.93,89,100,1.74
12,Longyearbyen,SJ,2022-11-17 14:12:19,78.2186,15.6401,19.24,73,40,10.36
13,Beian,NO,2022-11-17 14:16:35,63.6559,9.5683,46.49,25,0,25.32
14,Kyra,RU,2022-11-17 14:16:36,49.5776,111.9753,20.03,81,10,3.65
15,Norman Wells,CA,2022-11-17 14:16:36,65.282,-126.8329,8.44,85,95,0.96
16,Ushuaia,AR,2022-11-17 14:15:33,-54.8,-68.3,58.66,41,20,18.41
17,Vaini,TO,2022-11-17 14:16:36,-21.2,-175.2,76.82,72,22,6.13
18,Ilulissat,GL,2022-11-17 14:16:37,69.2167,-51.1,17.62,86,75,5.75
19,Kruisfontein,ZA,2022-11-17 14:16:37,-34.0033,24.7314,66.88,59,100,12.39
20,Busselton,AU,2022-11-17 14:16:37,-33.65,115.3333,53.74,81,78,7.2
21,Tevriz,RU,2022-11-17 14:16:38,57.509,72.4042,-5.78,98,6,2.57
22,Terney,RU,2022-11-17 14:16:38,45.0503,136.6092,29.35,78,13,6.51
23,Concepcion Del Uruguay,AR,2022-11-17 14:16:38,-32.4825,-58.2372,91.26,38,25,4.0
24,Atuona,PF,2022-11-17 14:15:19,-9.8,-139.0333,77.13,76,96,13.31
25,Ngaoundere,CM,2022-11-17 14:16:39,7.3167,13.5833,85.62,23,2,8.14
26,Aksarka,RU,2022-11-17 14:16:39,66.5606,67.7975,12.83,75,100,23.76
27,Turukhansk,RU,2022-11-17 14:16:39,65.8167,87.9833,-20.6,96,100,11.03
28,Kutum,SD,2022-11-17 14:16:39,14.2,24.6667,81.16,16,3,3.2
29,Springbok,ZA,2022-11-17 14:16:40,-29.6643,17.8865,79.45,13,38,17.47
30,Port Alfred,ZA,2022-11-17 14:16:40,-33.5906,26.891,67.17,84,100,5.99
31,Arraial Do Cabo,BR,2022-11-17 14:16:40,-22.9661,-42.0278,78.76,61,40,12.66
32,Avarua,CK,2022-11-17 14:12:12,-21.2078,-159.775,73.45,83,40,9.22
33,Kodiak,US,2022-11-17 14:12:49,57.79,-152.4072,42.31,100,100,13.8
34,Punta Arenas,CL,2022-11-17 14:16:41,-53.15,-70.9167,57.31,41,20,35.68
35,Avera,US,2022-11-17 14:16:41,33.194,-82.5271,40.51,47,99,11.74
36,Montague,US,2022-11-17 14:16:41,42.5356,-72.5351,40.17,83,45,9.8
37,Hermanus,ZA,2022-11-17 14:16:42,-34.4187,19.2345,65.8,64,92,12.64
38,Nyurba,RU,2022-11-17 14:16:42,63.2842,118.3319,-0.22,99,100,2.82
39,Port Hedland,AU,2022-11-17 14:15:20,-20.3167,118.5667,73.45,68,0,14.97
40,Saskylakh,RU,2022-11-17 14:12:15,71.9167,114.0833,-16.6,99,100,4.41
41,Hobart,AU,2022-11-17 14:15:02,-42.8794,147.3294,48.06,92,14,6.91
42,Odienne,CI,2022-11-17 14:16:42,9.51,-7.5692,91.44,14,79,7.29
43,Kropotkin,RU,2022-11-17 14:16:43,45.4375,40.5756,57.22,64,97,15.73
44,Nouadhibou,MR,2022-11-17 14:16:43,20.931,-17.0347,93.18,21,4,5.75
45,Tabou,CI,2022-11-17 14:17:43,4.423,-7.3528,82.72,71,84,8.99
46,Eisenach,DE,2022-11-17 14:17:44,50.9833,10.3167,50.11,93,100,15.46
47,Kaitangata,NZ,2022-11-17 14:17:44,-46.2817,169.8464,52.0,96,100,2.37
48,Bredasdorp,ZA,2022-11-17 14:17:44,-34.5322,20.0403,65.23,52,100,12.59
49,Jackson,US,2022-11-17 14:14:15,42.4165,-122.8345,52.84,93,0,0.0
50,Victoria,HK,2022-11-17 14:13:05,22.2855,114.1577,77.38,83,4,8.01
51,Bluff,NZ,2022-11-17 14:17:44,-46.6,168.3333,51.64,94,100,12.64
52,Geraldton,AU,2022-11-17 14:17:45,-28.7667,114.6,63.01,63,100,13.8
53,Port Elizabeth,ZA,2022-11-17 14:13:46,-33.918,25.5701,70.32,70,100,3.0
54,Yakeshi,CN,2022-11-17 14:17:45,49.2833,120.7333,11.03,98,65,4.65
55,Puerto Ayora,EC,2022-11-17 14:17:45,-0.7393,-90.3518,71.56,86,58,7.0
56,Mayo,US,2022-11-17 14:17:46,38.8876,-76.5119,42.35,47,0,21.0
57,Mataura,NZ,2022-11-17 14:17:46,-46.1927,168.8643,52.79,97,100,1.01
58,Kapaa,US,2022-11-17 14:17:46,22.0752,-159.319,73.72,83,75,9.22
59,Huntington,US,2022-11-17 14:15:47,38.4193,-82.4452,32.38,76,100,8.05
60,New Norfolk,AU,2022-11-17 14:17:47,-42.7826,147.0587,47.71,71,9,2.51
61,Acapulco,MX,2022-11-17 14:15:11,16.8634,-99.8901,76.82,78,75,3.44
62,Thompson,CA,2022-11-17 14:17:47,55.7435,-97.8558,1.56,78,20,12.66
63,College,US,2022-11-17 14:17:47,64.8569,-147.8028,11.59,82,0,0.0
64,Eureka,US,2022-11-17 14:17:48,40.8021,-124.1637,36.79,64,100,3.89
65,Vasai,IN,2022-11-17 14:17:48,19.47,72.8,84.29,57,0,8.88
66,Kade,DE,2022-11-17 14:17:48,52.3833,12.2667,41.97,86,100,16.84
67,Akyab,MM,2022-11-17 14:17:48,20.15,92.9,78.22,68,3,9.22
68,Haines Junction,CA,2022-11-17 14:17:49,60.7522,-137.5108,12.15,85,100,3.44
69,San Rafael,AR,2022-11-17 14:17:49,-34.6177,-68.3301,78.39,47,1,10.42
70,Narsaq,GL,2022-11-17 14:17:49,60.9167,-46.05,21.42,82,37,5.14
71,Los Llanos De Aridane,ES,2022-11-17 14:13:01,28.6585,-17.9182,71.35,73,20,10.36
72,Pevek,RU,2022-11-17 14:17:50,69.7008,170.3133,-4.11,97,100,3.96
73,Pangnirtung,CA,2022-11-17 14:17:50,66.1451,-65.7125,-4.16,96,93,3.87
74,Albany,US,2022-11-17 14:15:16,42.6001,-73.9662,36.68,92,89,1.01
75,Barentu,ER,2022-11-17 14:17:50,15.1139,37.5928,87.76,20,4,9.64
76,Ulaanbaatar,MN,2022-11-17 14:13:10,47.9077,106.8832,19.53,73,75,0.0
77,Saldanha,ZA,2022-11-17 14:17:51,-33.0117,17.9442,63.09,69,100,22.88
78,Lebu,CL,2022-11-17 14:17:51,-37.6167,-73.65,62.02,71,84,9.33
79,Cape Town,ZA,2022-11-17 14:13:25,-33.9258,18.4232,71.11,58,100,13.0
80,Camapua,BR,2022-11-17 14:17:51,-19.5314,-54.0439,87.39,27,0,4.72
81,Beloha,MG,2022-11-17 14:17:52,-25.1667,45.05,78.76,53,0,12.75
82,Luderitz,NA,2022-11-17 14:17:52,-26.6481,15.1594,71.15,53,5,23.31
83,Okha,RU,2022-11-17 14:17:52,53.5739,142.9478,12.85,92,74,5.97
84,Necochea,AR,2022-11-17 14:17:52,-38.5473,-58.7368,71.13,53,6,10.92
85,Airai,TL,2022-11-17 14:17:53,-8.9266,125.4092,63.5,91,100,2.1
86,Kamenka,RU,2022-11-17 14:17:53,51.3223,42.7678,32.13,100,100,7.36
87,Seoul,KR,2022-11-17 14:16:34,37.5683,126.9778,45.84,100,0,2.3
88,Bambous Virieux,MU,2022-11-17 14:17:53,-20.3428,57.7575,75.22,60,74,6.8
89,Kholodnyy,RU,2022-11-17 14:17:54,62.7167,147.95,-30.28,100,81,1.57
90,Uhlove,UA,2022-11-17 14:18:54,44.8215,33.6045,57.02,84,100,24.67
91,Hami,CN,2022-11-17 14:18:54,42.8,93.45,38.62,41,100,2.08
92,Sampit,ID,2022-11-17 14:18:54,-2.5333,112.95,75.54,97,99,2.62
93,Oranjemund,NA,2022-11-17 14:18:55,-28.55,16.4333,66.7,60,11,19.15
94,Terrace,CA,2022-11-17 14:17:47,54.5163,-128.6035,33.71,64,0,24.16
95,Comodoro Rivadavia,AR,2022-11-17 14:18:55,-45.8667,-67.5,76.86,29,20,21.85
96,Sisimiut,GL,2022-11-17 14:18:55,66.9395,-53.6735,21.97,92,100,16.62
97,Ancud,CL,2022-11-17 14:16:20,-41.8697,-73.8203,59.23,95,100,7.25
98,Fairbanks,US,2022-11-17 14:18:56,64.8378,-147.7164,11.61,83,0,0.0
99,Yellowknife,CA,2022-11-17 14:15:25,62.456,-114.3525,14.56,85,100,5.01
100,Shimoda,JP,2022-11-17 14:14:49,34.6667,138.95,55.11,68,100,6.04
101,Touho,NC,2022-11-17 14:18:56,-20.7833,165.2333,77.47,82,84,4.68
102,Bud,US,2022-11-17 14:18:56,39.447,-86.1758,29.91,78,76,10.25
103,Hithadhoo,MV,2022-11-17 14:18:57,-0.6,73.0833,81.63,72,19,12.08
104,Matay,EG,2022-11-17 14:18:57,28.419,30.7792,74.93,35,14,8.95
105,Ribeira Grande,PT,2022-11-17 14:18:57,38.5167,-28.7,64.8,59,40,12.66
106,Tautira,PF,2022-11-17 14:18:57,-17.7333,-149.15,77.0,81,64,4.7
107,Iqaluit,CA,2022-11-17 14:18:58,63.7506,-68.5145,10.13,79,100,4.61
108,Piney Green,US,2022-11-17 14:18:58,34.716,-77.3202,47.17,54,40,6.91
109,Kumluca,TR,2022-11-17 14:18:58,36.3703,30.2869,66.2,70,100,7.25
110,Fort Nelson,CA,2022-11-17 14:18:58,58.8053,-122.7002,6.39,85,20,6.91
111,Upernavik,GL,2022-11-17 14:18:59,72.7868,-56.1549,9.63,84,100,11.32
112,Rockport,US,2022-11-17 14:18:59,28.0206,-97.0544,53.62,72,100,10.36
113,Aswan,EG,2022-11-17 14:18:59,24.0934,32.907,76.57,24,100,11.3
114,Marrakesh,MA,2022-11-17 14:19:00,31.6315,-8.0083,78.87,22,0,5.75
115,Touros,BR,2022-11-17 14:19:00,-5.1989,-35.4608,86.4,54,6,16.08
116,Hambantota,LK,2022-11-17 14:19:00,6.1241,81.1185,79.52,77,100,8.59
117,Matagami,CA,2022-11-17 14:17:35,49.7502,-77.6328,15.91,92,100,9.22
118,Tiksi,RU,2022-11-17 14:19:01,71.6872,128.8694,-14.82,99,100,5.28
119,Mandan,US,2022-11-17 14:18:40,46.8267,-100.8896,14.36,80,100,23.02
120,Tuktoyaktuk,CA,2022-11-17 14:19:01,69.4541,-133.0374,19.4,79,0,14.97
121,Rossland,CA,2022-11-17 14:14:37,49.0831,-117.8022,21.9,82,100,2.91
122,Nuqui,CO,2022-11-17 14:19:01,5.7125,-77.2708,76.68,93,100,2.66
123,Egvekinot,RU,2022-11-17 14:19:02,66.3167,-179.1667,28.58,99,100,3.53
124,Zhigansk,RU,2022-11-17 14:19:02,66.7697,123.3711,-8.73,97,100,14.63
125,Segezha,RU,2022-11-17 14:19:02,63.7415,34.3222,28.04,83,29,2.98
126,Ures,MX,2022-11-17 14:19:03,29.4333,-110.4,54.3,40,0,8.63
127,Kahului,US,2022-11-17 14:18:52,20.8947,-156.47,75.85,82,0,5.75
128,Levski,BG,2022-11-17 14:19:03,43.3667,25.1333,61.63,54,34,10.83
129,Bethel,US,2022-11-17 14:19:03,41.3712,-73.414,40.55,67,0,10.36
130,Bathsheba,BB,2022-11-17 14:19:04,13.2167,-59.5167,86.61,66,20,19.57
131,Bosaso,SO,2022-11-17 14:19:04,11.2842,49.1816,79.57,64,3,10.4
132,Tecoanapa,MX,2022-11-17 14:19:04,16.5167,-98.75,76.98,78,100,2.95
133,Butaritari,KI,2022-11-17 14:19:05,3.0707,172.7902,81.12,75,100,16.24
134,Kambove,CD,2022-11-17 14:19:05,-10.8764,26.5969,73.62,71,37,2.93
135,Parintins,BR,2022-11-17 14:19:05,-2.6283,-56.7358,96.64,32,93,3.74
136,Fortuna,US,2022-11-17 14:14:45,40.5982,-124.1573,36.52,100,0,5.75
137,Mbuji-Mayi,CD,2022-11-17 14:20:06,-6.15,23.6,81.52,61,58,1.59
138,Moerai,PF,2022-11-17 14:20:06,-22.4333,-151.3333,70.52,71,23,10.45
139,Chokurdakh,RU,2022-11-17 14:20:06,70.6333,147.9167,-11.13,93,100,6.51
140,Brokopondo,SR,2022-11-17 14:20:07,4.75,-55.1667,83.39,64,51,2.33
141,Castro,BR,2022-11-17 14:20:07,-24.7911,-50.0119,71.08,42,0,6.78
142,Flinders,AU,2022-11-17 14:20:08,-34.5833,150.8552,54.37,78,70,10.0
143,Sao Filipe,CV,2022-11-17 14:20:08,14.8961,-24.4956,80.44,63,28,7.87
144,Hovd,MN,2022-11-17 14:20:09,48.0056,91.6419,26.35,27,100,6.42
145,Mahebourg,MU,2022-11-17 14:20:09,-20.4081,57.7,75.25,60,80,5.86
146,Beeville,US,2022-11-17 14:20:10,28.4008,-97.7483,48.38,57,100,5.75
147,Rivera,UY,2022-11-17 14:19:18,-30.9053,-55.5508,83.28,37,84,7.87
148,Ayan,RU,2022-11-17 14:20:10,56.45,138.1667,13.73,59,13,3.74
149,Portales,US,2022-11-17 14:20:11,34.1862,-103.3344,31.1,86,5,10.6
150,Nikolskoye,RU,2022-11-17 14:17:26,59.7035,30.7861,31.91,70,99,9.89
151,Sulangan,PH,2022-11-17 14:20:12,11.1373,123.7228,80.6,82,100,14.88
152,Kastornoye,RU,2022-11-17 14:20:12,51.8334,38.1302,27.45,95,100,10.74
153,Talnakh,RU,2022-11-17 14:20:13,69.4865,88.3972,-3.8,98,100,16.42
154,Korla,CN,2022-11-17 14:20:13,41.7597,86.1469,38.32,36,4,3.31
155,Hilo,US,2022-11-17 14:20:13,19.7297,-155.09,71.26,89,40,5.75
156,Ormara,PK,2022-11-17 14:20:14,25.2088,64.6357,81.43,57,0,11.03
157,Rawson,AR,2022-11-17 14:20:14,-43.3002,-65.1023,76.66,31,97,20.98
158,Miandrivazo,MG,2022-11-17 14:20:15,-19.5167,45.4667,86.0,54,64,13.65
159,Iracoubo,GF,2022-11-17 14:20:15,5.4802,-53.2011,85.42,62,57,6.38
160,Filderstadt,DE,2022-11-17 14:20:15,48.657,9.2205,56.97,66,20,8.05
161,Constitucion,CL,2022-11-17 14:20:16,-35.3333,-72.4167,66.61,65,3,10.18
162,Luanda,AO,2022-11-17 14:20:03,-8.8368,13.2343,79.93,67,38,10.85
163,Nortelandia,BR,2022-11-17 14:20:17,-14.4547,-56.8028,92.8,28,24,3.65
164,Husavik,IS,2022-11-17 14:20:17,66.0449,-17.3389,46.33,74,85,27.54
165,Bakchar,RU,2022-11-17 14:20:17,57.0186,82.0711,-4.7,99,67,3.67
166,Solano,US,2022-11-17 14:20:18,38.2333,-121.9511,52.81,73,0,0.0
167,Tuatapere,NZ,2022-11-17 14:17:08,-46.1333,167.6833,53.26,97,100,3.13
168,Sinnamary,GF,2022-11-17 14:20:18,5.3833,-52.95,84.99,63,62,6.58
169,Vardo,NO,2022-11-17 14:20:18,70.3705,31.1107,40.98,87,75,13.8
170,Hay River,CA,2022-11-17 14:20:19,60.8156,-115.7999,13.98,73,75,5.75
171,Mount Gambier,AU,2022-11-17 14:15:55,-37.8333,140.7667,45.3,95,1,5.79
172,Lerwick,GB,2022-11-17 14:20:19,60.1545,-1.1494,46.4,76,100,36.55
173,Porto Santo,PT,2022-11-17 14:20:20,33.072,-16.3415,73.78,60,20,12.66
174,Olga,RU,2022-11-17 14:20:20,43.7444,135.2892,32.25,76,51,3.38
175,Milot,HT,2022-11-17 14:20:21,19.6167,-72.2167,78.76,72,35,6.17
176,Charters Towers,AU,2022-11-17 14:20:21,-20.1,146.2667,73.02,86,4,11.74
177,Amahai,ID,2022-11-17 14:20:22,-3.3333,128.9167,79.27,86,100,3.65
178,Oktyabrskoye,RU,2022-11-17 14:20:22,43.0645,44.7417,51.35,43,20,6.71
179,Belmonte,BR,2022-11-17 14:20:23,-15.8631,-38.8828,77.77,79,100,2.93
180,Chipinge,ZW,2022-11-17 14:20:23,-20.1883,32.6236,82.49,37,2,9.6
181,Lazaro Cardenas,MX,2022-11-17 14:20:23,17.9583,-102.2,76.37,80,97,3.11
182,Mar Del Plata,AR,2022-11-17 14:20:24,-38.0023,-57.5575,72.82,76,0,9.22
183,Asau,RO,2022-11-17 14:20:24,46.4333,26.4,38.32,88,100,3.29
184,Cairns,AU,2022-11-17 14:21:25,-16.9167,145.7667,76.1,92,1,1.14
185,Brigantine,US,2022-11-17 14:21:26,39.4101,-74.3646,42.21,63,75,12.66
186,Brae,GB,2022-11-17 14:21:26,60.3964,-1.353,46.33,73,100,32.79
187,San Pedro De Macoris,DO,2022-11-17 14:21:27,18.4616,-69.2972,83.01,77,37,11.27
188,Skibotn,NO,2022-11-17 14:21:27,69.3913,20.2679,33.98,35,40,6.93
189,Praya,CV,2022-11-17 14:21:27,14.9215,-23.5087,86.54,54,20,13.8
190,Wanning,CN,2022-11-17 14:21:28,18.8003,110.3967,76.75,92,9,5.19
191,Port Hardy,CA,2022-11-17 14:21:28,50.6996,-127.4199,30.38,100,20,3.44
192,La Macarena,CO,2022-11-17 14:21:29,2.1837,-73.7849,80.38,73,99,4.07
193,Wewak,PG,2022-11-17 14:21:29,-3.5534,143.6268,80.46,82,99,5.26
194,Faanui,PF,2022-11-17 14:21:29,-16.4833,-151.75,78.94,75,36,2.15
195,Termiz,UZ,2022-11-17 14:21:30,37.2242,67.2783,57.29,41,75,4.61
196,Port Blair,IN,2022-11-17 14:21:30,11.6667,92.75,78.84,89,40,0.0
197,Hofn,IS,2022-11-17 14:21:30,64.2539,-15.2082,48.22,87,100,25.32
198,Hamina,FI,2022-11-17 14:21:31,60.5697,27.1979,33.08,85,59,13.98
199,Huanuco,PE,2022-11-17 14:21:31,-9.9329,-76.2415,71.65,57,92,4.88
200,Tondano,ID,2022-11-17 14:21:31,1.3038,124.9112,69.89,94,98,1.83
201,Gwanda,ZW,2022-11-17 14:21:31,-20.9333,29.0,93.18,20,14,8.05
202,Taybad,IR,2022-11-17 14:21:32,34.74,60.7756,62.56,25,59,11.52
203,Bengkulu,ID,2022-11-17 14:21:32,-3.8004,102.2655,76.84,87,100,9.35
204,Ituiutaba,BR,2022-11-17 14:21:33,-18.9689,-49.465,92.88,21,0,3.31
205,Cidreira,BR,2022-11-17 14:21:33,-30.1811,-50.2056,73.8,53,29,6.67
206,Naze,JP,2022-11-17 14:21:33,28.3667,129.4833,70.72,90,97,15.79
207,San Cristobal,VE,2022-11-17 14:16:39,7.7669,-72.225,75.38,74,97,4.05
208,Makakilo City,US,2022-11-17 14:21:34,21.3469,-158.0858,73.69,81,0,3.44
209,Ponta Do Sol,PT,2022-11-17 14:21:34,32.6667,-17.1,76.12,57,49,8.08
210,Monrovia,LR,2022-11-17 14:21:34,6.3005,-10.7969,83.75,66,36,9.01
211,Porto Novo,BJ,2022-11-17 14:21:35,6.4965,2.6036,89.44,51,39,9.31
212,Qaanaaq,GL,2022-11-17 14:21:35,77.484,-69.3632,-15.75,76,18,8.14
213,Svetlogorsk,BY,2022-11-17 14:21:35,52.6333,29.7333,29.03,63,7,5.84
214,Nizhniy Tsasuchey,RU,2022-11-17 14:21:36,50.5167,115.1333,19.13,91,9,5.77
215,Kununurra,AU,2022-11-17 14:21:36,-15.7667,128.7333,82.38,83,75,3.44
216,Nara,JP,2022-11-17 14:20:07,34.6851,135.8049,50.5,64,3,1.81
217,Llangefni,GB,2022-11-17 14:21:36,53.2556,-4.3106,51.73,76,75,20.71
218,Dikson,RU,2022-11-17 14:21:36,73.5069,80.5464,3.69,94,100,25.81
219,Taoudenni,ML,2022-11-17 14:21:37,22.6783,-3.9836,86.74,9,0,9.22
220,Abbeville,FR,2022-11-17 14:21:37,50.1,1.8333,55.36,78,68,17.78
221,Severo-Kurilsk,RU,2022-11-17 14:21:37,50.6789,156.125,32.61,66,100,5.64
222,Hamilton,US,2022-11-17 14:21:38,39.1834,-84.5333,32.23,76,100,12.66
223,Devarkonda,IN,2022-11-17 14:21:38,16.7,78.9333,69.28,52,6,5.77
224,Kismayo,SO,2022-11-17 14:21:38,-0.3582,42.5454,81.1,74,78,13.56
225,Byron Bay,AU,2022-11-17 14:20:53,-28.65,153.6167,56.95,69,44,6.51
226,Vanimo,PG,2022-11-17 14:21:38,-2.6741,141.3028,78.75,85,97,3.0
227,Port Keats,AU,2022-11-17 14:21:39,-14.25,129.55,83.28,73,99,3.02
228,Mareeba,AU,2022-11-17 14:21:39,-17.0,145.4333,71.47,87,0,2.24
229,San Andres,CO,2022-11-17 14:21:39,12.5847,-81.7006,84.22,79,40,11.5
230,Henties Bay,NA,2022-11-17 14:21:40,-22.116,14.2845,65.86,73,68,13.98
231,Bahir Dar,ET,2022-11-17 14:22:40,11.5936,37.3908,71.26,51,2,6.13
232,Dalbandin,PK,2022-11-17 14:22:40,28.8947,64.4101,65.19,14,18,6.13
233,Noumea,NC,2022-11-17 14:22:40,-22.2763,166.4572,73.38,87,100,5.48
234,Ajdabiya,LY,2022-11-17 14:22:41,30.7554,20.2263,76.48,25,0,13.82
235,Rusera,IN,2022-11-17 14:22:41,25.75,86.0333,72.0,44,5,4.61
236,Bardiyah,LY,2022-11-17 14:22:41,31.7561,25.0865,74.88,30,0,12.77
237,Yaan,NG,2022-11-17 14:22:42,7.3833,8.5667,93.94,31,99,2.28
238,Lodja,CD,2022-11-17 14:22:42,-3.4833,23.4333,83.17,65,90,2.44
239,Provideniya,RU,2022-11-17 14:22:42,64.3833,-173.3,34.77,99,100,8.93
240,Cherskiy,RU,2022-11-17 14:22:42,68.75,161.3,-3.08,98,100,8.03
241,Riyadh,SA,2022-11-17 14:22:43,24.6877,46.7219,86.14,16,100,7.9
242,Leon,MX,2022-11-17 14:20:14,21.1167,-101.6667,50.05,58,0,3.18
243,Kodinsk,RU,2022-11-17 14:22:43,58.6881,99.1844,16.23,96,100,3.49
244,Lompoc,US,2022-11-17 14:22:43,34.6391,-120.4579,48.58,77,0,4.61
245,Suzun,RU,2022-11-17 14:22:44,53.7841,82.3116,20.59,92,100,5.14
246,Lasa,IT,2022-11-17 14:22:44,46.6166,10.7002,49.08,79,97,1.74
247,Lanzhou,CN,2022-11-17 14:22:44,36.0564,103.7922,45.93,45,51,13.04
248,Katsuura,JP,2022-11-17 14:22:44,35.1333,140.3,58.78,68,100,10.94
249,Port Lincoln,AU,2022-11-17 14:22:45,-34.7333,135.8667,62.67,73,100,18.52
250,Ola,RU,2022-11-17 14:22:45,59.5833,151.2833,6.26,85,100,5.39
251,Buala,SB,2022-11-17 14:20:37,-8.145,159.5921,79.07,84,73,1.39
252,Sabang,ID,2022-11-17 14:22:45,5.8933,95.3214,82.04,75,87,19.15
253,Salinas,US,2022-11-17 14:18:41,36.6777,-121.6555,54.07,51,0,5.75
254,Ciudad Bolivar,VE,2022-11-17 14:22:46,8.1222,-63.5497,84.07,64,100,5.73
255,San Patricio,US,2022-11-17 14:22:46,28.017,-97.5169,53.46,54,100,7.81
256,Ordzhonikidze,KZ,2022-11-17 14:22:46,52.4411,61.7408,16.81,92,100,5.99
257,Coffs Harbour,AU,2022-11-17 14:22:47,-30.3,153.1333,60.76,63,75,12.66
258,Dale,US,2022-11-17 14:19:53,38.1689,-86.99,30.45,74,100,9.22
259,Rio Grande,BR,2022-11-17 14:22:47,-32.035,-52.0986,87.91,46,42,5.41
260,Tarakan,ID,2022-11-17 14:22:47,3.3,117.6333,81.41,79,100,7.34
261,Xining,CN,2022-11-17 14:22:48,36.6167,101.7667,37.42,47,71,3.44
262,Westport,US,2022-11-17 14:22:48,41.1415,-73.3579,43.03,63,75,12.66
263,Praia,CV,2022-11-17 14:21:27,14.9215,-23.5087,86.54,54,20,13.8
264,Mattru,SL,2022-11-17 14:22:48,7.6244,-11.8332,91.36,42,30,3.31
265,Kishtwar,IN,2022-11-17 14:22:48,33.3167,75.7667,39.81,57,0,8.03
266,Kavieng,PG,2022-11-17 14:22:49,-2.5744,150.7967,81.77,77,100,11.39
267,Chuy,UY,2022-11-17 14:22:49,-33.6971,-53.4616,78.66,39,46,2.17
268,Yumen,CN,2022-11-17 14:22:49,40.2833,97.2,33.8,40,89,17.18
269,San Francisco,US,2022-11-17 14:20:23,37.7749,-122.4194,54.32,69,40,5.01
270,Hasaki,JP,2022-11-17 14:22:50,35.7333,140.8333,54.28,55,100,13.91
271,Aguas Formosas,BR,2022-11-17 14:22:50,-17.0822,-40.9358,78.64,77,100,4.72
272,Mehamn,NO,2022-11-17 14:22:50,71.0357,27.8492,40.95,93,100,6.91
273,Dolores,AR,2022-11-17 14:22:51,-36.3132,-57.6792,86.09,35,100,4.94
274,Buncrana,IE,2022-11-17 14:22:51,55.1333,-7.45,40.77,84,100,2.77
275,Marilandia,BR,2022-11-17 14:22:51,-19.4128,-40.5417,76.3,80,100,4.97
276,Nanortalik,GL,2022-11-17 14:23:51,60.1432,-45.2371,21.36,75,26,13.06
277,Paamiut,GL,2022-11-17 14:23:52,61.994,-49.6678,9.95,74,8,6.62
278,Talaja,IN,2022-11-17 14:23:52,21.35,72.05,80.83,32,0,8.79
279,Zabaykalsk,RU,2022-11-17 14:23:52,49.6333,117.3167,18.21,89,5,6.73
280,Pasighat,IN,2022-11-17 14:23:53,28.0667,95.3333,63.99,72,2,4.18
281,Okhotsk,RU,2022-11-17 14:23:53,59.3833,143.3,-3.39,79,0,14.14
282,East London,ZA,2022-11-17 14:23:53,-33.0153,27.9116,68.94,77,75,12.66
283,Lorengau,PG,2022-11-17 14:23:53,-2.0226,147.2712,81.12,70,100,5.79
284,Freetown,SL,2022-11-17 14:20:51,8.484,-13.2299,86.83,56,100,5.73
285,Tamale,GH,2022-11-17 14:20:42,9.4008,-0.8393,95.25,14,59,4.38
286,Okoneshnikovo,RU,2022-11-17 14:23:54,54.8377,75.0834,9.12,94,97,6.15
287,Yulara,AU,2022-11-17 14:23:54,-25.2406,130.9889,73.56,63,0,12.75
288,Touba,CI,2022-11-17 14:23:54,8.2833,-7.6833,86.58,24,91,6.42
289,Saint-Philippe,RE,2022-11-17 14:20:09,-21.3585,55.7679,74.79,72,53,7.25
290,Zyryanka,RU,2022-11-17 14:23:55,65.75,150.85,-11.02,99,100,6.49
291,Aklavik,CA,2022-11-17 14:23:55,68.2191,-135.0107,7.57,79,59,5.06
292,Reynosa,MX,2022-11-17 14:19:43,26.0833,-98.2833,52.99,70,100,11.5
293,Iquique,CL,2022-11-17 14:22:23,-20.2208,-70.1431,68.04,63,58,6.64
294,Namuac,PH,2022-11-17 14:23:55,18.6109,121.1657,79.05,90,33,11.9
295,Tiarei,PF,2022-11-17 14:23:56,-17.5333,-149.3333,75.22,80,51,5.82
296,Edd,ER,2022-11-17 14:23:56,13.9297,41.6925,88.97,41,7,23.53
297,Stephenville,US,2022-11-17 14:22:45,32.2207,-98.2023,42.76,85,0,0.0
298,Harper,LR,2022-11-17 14:23:56,4.375,-7.7169,83.17,69,79,8.84
299,Samarai,PG,2022-11-17 14:23:56,-10.6167,150.6667,83.26,79,98,11.88
300,Laguna,US,2022-11-17 14:23:57,38.421,-121.4238,53.01,93,0,0.0
301,Constantine,DZ,2022-11-17 14:23:57,36.365,6.6147,72.81,43,40,12.66
302,Alofi,NU,2022-11-17 14:23:57,-19.0595,-169.9187,69.69,94,8,1.14
303,Daru,PG,2022-11-17 14:23:58,-9.0763,143.2092,80.96,84,100,6.93
304,Clyde River,CA,2022-11-17 14:23:58,70.4692,-68.5914,-0.17,78,100,16.11
305,Thinadhoo,MV,2022-11-17 14:23:58,0.5333,72.9333,81.99,73,18,13.89
306,Cabo San Lucas,MX,2022-11-17 14:23:58,22.8909,-109.9124,67.3,78,100,4.61
307,Esna,EG,2022-11-17 14:23:59,25.2934,32.554,77.02,21,100,11.21
308,Deep River,CA,2022-11-17 14:23:59,46.1001,-77.4995,24.55,77,100,9.06
309,Qaqortoq,GL,2022-11-17 14:23:59,60.7167,-46.0333,9.3,85,10,4.21
310,Santiago,CL,2022-11-17 14:23:38,-33.4569,-70.6483,79.29,45,100,4.61
311,Souillac,MU,2022-11-17 14:24:00,-20.5167,57.5167,72.77,59,63,6.13
312,Sechura,PE,2022-11-17 14:24:00,-5.5569,-80.8222,68.76,71,99,9.06
313,San Quintin,MX,2022-11-17 14:24:00,30.4833,-115.95,56.52,29,5,1.45
314,Katobu,ID,2022-11-17 14:24:00,-4.9408,122.5276,77.02,92,100,3.58
315,Pishva,IR,2022-11-17 14:24:01,35.308,51.7267,56.8,57,100,1.68
316,Ambunti,PG,2022-11-17 14:24:01,-4.2365,142.8448,76.33,91,100,2.62
317,Broken Hill,AU,2022-11-17 14:24:01,-31.95,141.4333,60.66,39,47,5.66
318,Kavaratti,IN,2022-11-17 14:24:02,10.5669,72.642,82.87,69,5,4.56
319,La Sarre,CA,2022-11-17 14:24:02,48.8002,-79.1996,16.86,90,100,9.04
320,Khash,IR,2022-11-17 14:24:03,28.2211,61.2158,66.07,31,2,11.83
321,Formosa Do Rio Preto,BR,2022-11-17 14:24:03,-11.0483,-45.1931,84.92,54,100,5.39
322,Sobolevo,RU,2022-11-17 14:24:03,54.4299,31.8996,27.39,91,100,3.87
323,Tarut,SA,2022-11-17 14:25:04,26.5733,50.0369,89.82,41,96,11.52
324,Fomboni,KM,2022-11-17 14:25:04,-12.28,43.7425,79.88,72,21,9.46
325,Gornopravdinsk,RU,2022-11-17 14:25:04,60.05,69.9,-7.08,99,40,3.83
326,Kota Bahru,MY,2022-11-17 14:25:05,6.1333,102.2386,78.85,88,86,1.77
327,Visnes,NO,2022-11-17 14:25:06,59.3556,5.2242,46.78,36,0,18.41
328,Komsomolskiy,UZ,2022-11-17 14:25:07,40.4272,71.7189,41.72,81,100,6.91
329,Christchurch,NZ,2022-11-17 14:23:31,-43.5333,172.6333,58.91,90,100,6.91
330,Grand Gaube,MU,2022-11-17 14:25:07,-20.0064,57.6608,75.38,53,78,4.0
331,Araouane,ML,2022-11-17 14:25:07,18.9048,-3.5265,84.79,9,98,8.99
332,Ayorou,NE,2022-11-17 14:25:08,14.7308,0.9174,91.35,9,59,11.05
333,Poum,NC,2022-11-17 14:25:08,-20.2333,164.0167,78.08,81,77,11.23
334,Vostok,RU,2022-11-17 14:25:09,46.4856,135.8833,14.74,95,99,4.47
335,Maniitsoq,GL,2022-11-17 14:25:09,65.4167,-52.9,23.04,66,100,2.89
336,Kobayashi,JP,2022-11-17 14:25:10,31.9833,130.9833,54.39,96,100,2.28
337,Solnechnyy,RU,2022-11-17 14:25:10,50.7214,136.6319,17.69,80,95,3.67
338,Vanavara,RU,2022-11-17 14:24:10,60.34,102.2797,-15.14,98,99,2.17
339,San Clemente,US,2022-11-17 14:25:11,33.427,-117.612,62.71,29,40,6.98
340,Miyako,JP,2022-11-17 14:25:11,39.6367,141.9525,40.01,64,0,7.11
341,Sola,VU,2022-11-17 14:25:11,-13.8833,167.55,81.61,71,6,5.84
342,Ostrovnoy,RU,2022-11-17 14:25:12,68.0531,39.5131,33.55,86,100,15.64
343,Ushtobe,KZ,2022-11-17 14:25:12,45.2514,77.9838,27.66,63,93,6.78
344,Lavrentiya,RU,2022-11-17 14:25:12,65.5833,-171.0,35.35,97,100,25.3
345,Bom Jesus,BR,2022-11-17 14:25:13,-9.0744,-44.3586,94.77,37,99,3.96
346,Verkhoyansk,RU,2022-11-17 14:25:13,67.5447,133.385,-41.93,100,72,0.76
347,Suhut,TR,2022-11-17 14:25:14,38.5311,30.5458,59.18,46,77,12.93
348,Taltal,CL,2022-11-17 14:25:14,-25.4,-70.4833,67.1,71,57,5.32
349,Berlevag,NO,2022-11-17 14:23:48,70.8578,29.0864,41.0,93,75,16.11
350,Saint George,US,2022-11-17 14:25:15,37.1041,-113.5841,30.79,64,0,6.91
351,Liaozhong,CN,2022-11-17 14:25:16,41.5061,122.7242,44.55,84,2,5.53
352,Jiuquan,CN,2022-11-17 14:25:16,39.7432,98.5174,36.43,34,100,8.28
353,Isla Vista,US,2022-11-17 14:25:16,34.4133,-119.861,61.45,32,10,4.07
354,Pisco,PE,2022-11-17 14:25:17,-13.7,-76.2167,67.01,77,0,6.91
355,Ossora,RU,2022-11-17 14:25:17,59.2353,163.0719,14.2,79,1,5.99
356,Kabare,CD,2022-11-17 14:25:18,-2.4683,28.8242,67.26,82,91,1.86
357,Lagoa,PT,2022-11-17 14:25:18,39.05,-27.9833,60.28,59,95,14.92
358,Filingue,NE,2022-11-17 14:25:19,14.3521,3.3168,90.86,10,65,8.88
359,Adrar,MR,2022-11-17 14:25:19,20.5022,-10.0711,86.52,10,0,10.29
360,Nhulunbuy,AU,2022-11-17 14:25:20,-12.2333,136.7667,83.01,78,97,0.0
361,Kampot,KH,2022-11-17 14:25:21,10.6167,104.1833,77.05,87,97,1.41
362,Richards Bay,ZA,2022-11-17 14:25:21,-28.783,32.0377,75.6,79,84,8.12
363,Yar-Sale,RU,2022-11-17 14:25:21,66.8333,70.8333,11.19,83,100,24.47
364,Fairfield,US,2022-11-17 14:25:22,41.2668,-73.3162,41.65,64,0,12.66
365,Dawlatabad,AF,2022-11-17 14:25:22,36.4141,64.9053,57.18,45,99,6.85
366,Xingyi,CN,2022-11-17 14:26:23,24.1877,102.817,54.77,88,1,3.04
367,Luwuk,ID,2022-11-17 14:26:23,-0.9516,122.7875,78.06,86,86,2.08
368,Cuauhtemoc,MX,2022-11-17 14:26:23,28.4167,-106.8667,33.46,70,0,5.64
369,Nome,US,2022-11-17 14:26:24,64.5011,-165.4064,35.17,91,100,13.73
370,Da Nang,VN,2022-11-17 14:26:24,16.0678,108.2208,80.58,89,75,3.44
371,Kashi,CN,2022-11-17 14:26:24,39.4547,75.9797,45.61,29,0,4.47
372,Barcelos,PT,2022-11-17 14:26:25,41.5388,-8.6151,64.54,79,88,13.11
373,Tuensang,IN,2022-11-17 14:26:25,26.2833,94.8333,56.07,97,0,2.77
374,Lappeenranta,FI,2022-11-17 14:26:26,61.0587,28.1887,34.79,80,100,12.66
375,Lata,PT,2022-11-17 14:26:26,40.1629,-8.3327,62.92,80,58,9.73
376,Rocha,UY,2022-11-17 14:26:27,-34.4833,-54.3333,81.68,40,98,3.53
377,Hounde,BF,2022-11-17 14:26:27,11.5,-3.5167,92.93,9,95,8.79
378,Teya,RU,2022-11-17 14:26:28,60.3778,92.6267,-18.08,100,36,1.79
379,Itaituba,BR,2022-11-17 14:26:28,-4.2761,-55.9836,89.76,62,20,4.61
380,Tommot,RU,2022-11-17 14:26:28,58.9564,126.2925,15.93,96,100,2.62
381,Santo Tomas,PH,2022-11-17 14:26:29,14.1079,121.1414,79.05,87,100,6.55
382,Udayagiri,IN,2022-11-17 14:26:29,20.1333,84.3833,61.48,61,5,3.76
383,La Ronge,CA,2022-11-17 14:26:29,55.1001,-105.2842,-1.95,78,40,6.91
384,Naliya,IN,2022-11-17 14:26:30,23.2667,68.8333,79.57,49,0,7.85
385,Puerto Narino,CO,2022-11-17 14:26:30,-3.7703,-70.3831,74.34,96,100,2.59
386,Nanakuli,US,2022-11-17 14:26:30,21.3906,-158.1547,75.11,78,0,3.44
387,Leningradskiy,RU,2022-11-17 14:26:31,69.3833,178.4167,9.32,94,100,5.7
388,Mayya,RU,2022-11-17 14:26:31,61.7333,130.2811,-19.08,96,100,5.75
389,Batesville,US,2022-11-17 14:21:36,35.7698,-91.641,32.88,72,0,1.01
390,Inhambane,MZ,2022-11-17 14:26:31,-23.865,35.3833,81.27,57,0,11.32
391,Codrington,AU,2022-11-17 14:26:32,-38.2667,141.9667,44.82,93,0,8.16
392,Krasnoarmeysk,RU,2022-11-17 14:25:53,51.0239,45.6969,35.69,99,100,10.18
393,De Aar,ZA,2022-11-17 14:26:32,-30.6497,24.0123,85.53,8,39,22.75
394,Florianopolis,BR,2022-11-17 14:24:18,-27.6146,-48.5012,80.62,31,0,5.75
395,Mulanje,MW,2022-11-17 14:26:32,-16.0316,35.5,90.68,27,4,8.55
396,Skjervoy,NO,2022-11-17 14:26:33,70.0311,20.9714,23.0,42,26,5.03
397,Vila Velha,BR,2022-11-17 14:26:33,-20.3297,-40.2925,80.55,74,75,21.0
398,Colares,PT,2022-11-17 14:26:33,38.7992,-9.4469,67.33,89,75,13.8
399,Balgazyn,RU,2022-11-17 14:26:34,51.0,95.2,5.04,95,90,3.06
400,Trincomalee,LK,2022-11-17 14:26:34,8.5711,81.2335,79.39,67,100,13.35
401,Kupang,ID,2022-11-17 14:26:34,-10.1667,123.5833,81.46,81,100,7.61
402,Faya,SA,2022-11-17 14:26:34,18.3851,42.4509,66.31,52,1,9.48
403,Chake Chake,TZ,2022-11-17 14:26:35,-5.2459,39.7666,83.32,65,25,10.02
404,Bensonville,LR,2022-11-17 14:26:35,6.4461,-10.6125,89.28,49,41,3.31
405,Nasice,HR,2022-11-17 14:26:35,45.4886,18.0878,49.75,100,99,4.61
406,Te Anau,NZ,2022-11-17 14:26:36,-45.4167,167.7167,53.01,98,100,1.88
407,Iquitos,PE,2022-11-17 14:26:36,-3.7481,-73.2472,75.24,94,100,4.61
408,Barrow,US,2022-11-17 14:26:36,71.2906,-156.7887,32.02,80,100,12.66
409,Baykit,RU,2022-11-17 14:26:36,61.67,96.37,-20.25,100,22,2.64
410,Ternate,ID,2022-11-17 14:26:37,0.8,127.4,81.52,77,100,5.44
411,Nyagan,RU,2022-11-17 14:26:37,62.1406,65.3936,2.3,81,17,9.89
412,Comarapa,BO,2022-11-17 14:26:37,-17.9,-64.4833,75.09,35,3,2.04
413,Bubaque,GW,2022-11-17 14:27:38,11.2833,-15.8333,82.18,67,30,4.79
414,Santa Cruz De La Palma,ES,2022-11-17 14:27:38,28.6835,-17.7642,75.34,69,20,8.05
415,Garowe,SO,2022-11-17 14:27:38,8.4054,48.4845,88.21,18,3,9.48
416,Portland,US,2022-11-17 14:25:05,45.5234,-122.6762,39.22,67,0,20.0
417,Praia Da Vitoria,PT,2022-11-17 14:27:39,38.7333,-27.0667,64.76,82,40,16.08
418,Dicabisagan,PH,2022-11-17 14:27:39,17.0818,122.4157,77.41,89,93,2.35
419,Erenhot,CN,2022-11-17 14:27:39,43.6475,111.9767,36.03,31,100,7.2
420,Dwarka,IN,2022-11-17 14:27:40,22.2394,68.9678,80.76,52,0,10.6
421,Mount Isa,AU,2022-11-17 14:27:40,-20.7333,139.5,78.57,29,92,3.44
422,Jumla,NP,2022-11-17 14:27:40,29.2747,82.1838,40.66,78,2,3.69
423,Kijang,KR,2022-11-17 14:27:40,35.2442,129.2139,44.33,52,0,6.02
424,Elizabeth City,US,2022-11-17 14:27:41,36.2946,-76.2511,47.03,60,0,11.5
425,Mayahi,NE,2022-11-17 14:27:41,13.9553,7.6712,88.54,14,22,7.07
426,Sao Jose Da Coroa Grande,BR,2022-11-17 14:27:41,-8.8978,-35.1478,83.12,58,20,9.01
427,Kirakira,SB,2022-11-17 14:27:42,-10.4544,161.9205,78.69,86,72,0.89
428,Thyolo,MW,2022-11-17 14:27:42,-16.0678,35.1405,87.82,24,12,8.59
429,Tongliao,CN,2022-11-17 14:26:59,43.6125,122.2653,30.11,73,0,7.94
430,Grindavik,IS,2022-11-17 14:27:42,63.8424,-22.4338,48.15,87,75,31.07
431,Irtyshskiy,RU,2022-11-17 14:27:43,58.3333,68.1333,-7.8,96,5,1.07
432,Havoysund,NO,2022-11-17 14:27:43,70.9963,24.6622,41.23,75,39,2.28
433,Nicoya,CR,2022-11-17 14:27:43,10.1483,-85.452,78.55,80,28,5.37
434,Qalyub,EG,2022-11-17 14:27:44,30.1792,31.2056,74.19,43,0,7.61
435,Grants,US,2022-11-17 14:27:44,35.1473,-107.8514,8.83,85,0,6.91
436,Kinwat,IN,2022-11-17 14:27:44,19.6333,78.2,69.39,52,2,4.5
437,Shieli,KZ,2022-11-17 14:27:44,44.1667,66.75,34.25,60,99,8.93
438,Maruoka,JP,2022-11-17 14:27:45,36.1534,136.2703,48.09,75,11,3.71
439,Beckley,US,2022-11-17 14:27:45,37.7782,-81.1882,27.66,84,100,11.5
440,Havelock,US,2022-11-17 14:26:25,34.8791,-76.9013,46.98,59,0,11.5
441,Glenwood Springs,US,2022-11-17 14:27:45,39.5505,-107.3248,22.23,85,0,10.36
442,Tombouctou,ML,2022-11-17 14:27:46,20.0,-3.0,85.26,8,5,10.51
443,Broome,US,2022-11-17 14:27:46,42.2506,-75.833,37.02,79,100,13.8
444,Shingu,JP,2022-11-17 14:27:46,33.7333,135.9833,52.72,67,100,6.15
445,Sitka,US,2022-11-17 14:27:46,57.0531,-135.33,37.29,87,0,0.0
446,Basco,PH,2022-11-17 14:27:47,20.4487,121.9702,81.27,79,28,19.13
447,Honningsvag,NO,2022-11-17 14:27:48,70.9821,25.9704,40.75,87,100,4.61
448,Natchitoches,US,2022-11-17 14:27:48,31.7668,-93.1335,40.98,65,0,5.75
449,Xuanhua,CN,2022-11-17 14:27:48,40.6103,115.0447,43.9,46,94,2.71
450,Surt,LY,2022-11-17 14:27:48,31.2089,16.5887,78.01,32,4,12.5
451,Teguldet,RU,2022-11-17 14:27:49,57.3064,88.1667,7.95,92,99,5.01
452,Tacuarembo,UY,2022-11-17 14:27:49,-31.7333,-55.9833,84.43,35,49,6.82
453,Spassk-Ryazanskiy,RU,2022-11-17 14:27:49,54.4072,40.3806,25.38,94,97,11.59
454,Boa Vista,BR,2022-11-17 14:25:12,2.8197,-60.6733,89.58,55,40,12.66
455,Veraval,IN,2022-11-17 14:27:50,20.9,70.3667,79.36,56,9,4.34
456,Monroe,US,2022-11-17 14:27:27,43.1501,-77.6831,35.19,87,100,10.36
457,Sairang,IN,2022-11-17 14:28:50,23.8,92.6667,63.57,76,0,1.95
458,Axim,GH,2022-11-17 14:28:50,4.8699,-2.2405,84.18,66,46,10.31
459,Greymouth,NZ,2022-11-17 14:28:51,-42.4667,171.2,56.75,94,100,5.32
460,Lithakia,GR,2022-11-17 14:28:51,37.7167,20.8333,70.88,73,75,5.75
461,Tashara,RU,2022-11-17 14:28:51,55.5195,83.5094,17.46,90,100,5.99
462,Kenai,US,2022-11-17 14:28:52,60.5544,-151.2583,32.14,76,20,6.91
463,Evensk,RU,2022-11-17 14:28:52,61.95,159.2333,-4.68,87,36,9.35
464,Machinga,MW,2022-11-17 14:28:52,-15.1685,35.3,85.51,36,75,4.94
465,Viedma,AR,2022-11-17 14:28:52,-40.8135,-62.9967,82.2,23,15,15.23
466,Manokwari,ID,2022-11-17 14:28:53,-0.8667,134.0833,78.31,85,100,3.89
467,Krasnoselkup,RU,2022-11-17 14:28:53,65.7,82.4667,2.44,96,100,17.2
468,Markova,UA,2022-11-17 14:28:53,48.6758,24.4138,34.54,99,100,3.02
469,Sao Joao Da Barra,BR,2022-11-17 14:28:54,-21.6403,-41.0511,80.69,62,100,18.28
470,Hirara,JP,2022-11-17 14:28:54,24.8,125.2833,77.76,81,0,7.92
471,Cascais,PT,2022-11-17 14:28:54,38.6979,-9.4215,67.51,90,75,13.8
472,Nelson Bay,AU,2022-11-17 14:26:52,-32.7167,152.15,62.1,74,69,7.0
473,Padmanabhapuram,IN,2022-11-17 14:28:54,8.2333,77.3333,76.82,87,27,1.68
474,Rafaela,AR,2022-11-17 14:28:55,-31.2503,-61.4867,91.99,17,0,13.0
475,Qeshm,IR,2022-11-17 14:28:55,26.9581,56.2719,80.49,69,15,9.17
476,Mbandaka,CD,2022-11-17 14:28:55,0.0487,18.2603,80.11,73,61,1.66
477,Narrabri,AU,2022-11-17 14:28:56,-30.3167,149.7833,48.52,83,0,5.7
478,Saint-Joseph,RE,2022-11-17 14:27:13,-21.3667,55.6167,73.78,69,43,7.49
479,Morehead,US,2022-11-17 14:27:28,37.2711,-87.1764,30.85,72,0,1.01
480,Shelui,TZ,2022-11-17 14:28:56,-4.3667,34.2,74.41,65,100,3.83
481,Providencia,MX,2022-11-17 14:28:56,28.7167,-111.5833,59.07,30,0,8.79
482,Salinopolis,BR,2022-11-17 14:28:57,-0.6136,-47.3561,84.02,66,85,8.39
483,Kinablangan,PH,2022-11-17 14:28:57,7.6947,126.5503,77.11,85,55,4.63
484,Garanhuns,BR,2022-11-17 14:28:57,-8.8903,-36.4928,80.65,51,23,9.53
485,Lubao,PH,2022-11-17 14:28:58,14.9167,120.55,80.31,81,90,5.44
486,Garachine,PA,2022-11-17 14:28:58,8.0647,-78.3628,78.08,91,100,8.9
487,North Bend,US,2022-11-17 14:28:58,43.4065,-124.2243,39.85,93,0,6.91
488,Labuhan,ID,2022-11-17 14:27:00,-6.8844,112.2051,82.38,77,84,11.97
489,Maraba,BR,2022-11-17 14:24:25,-5.3686,-49.1178,89.78,62,40,3.44
490,Rivadavia,AR,2022-11-17 14:28:58,-33.1905,-68.4608,83.59,30,0,14.2
491,Dalvik,IS,2022-11-17 14:28:59,65.9702,-18.5286,48.13,91,99,7.27
492,Palma Gil,PH,2022-11-17 14:28:59,7.6422,125.6292,74.77,87,99,3.27
493,Acarau,BR,2022-11-17 14:28:59,-2.8856,-40.12,88.97,53,6,15.66
494,Zhuzhou,CN,2022-11-17 14:29:00,27.8333,113.15,60.93,62,99,2.64
495,Curanilahue,CL,2022-11-17 14:29:00,-37.4667,-73.35,70.18,44,56,4.74
496,Ixtapa,MX,2022-11-17 14:29:00,20.7,-105.2,71.22,88,0,0.0
497,Itoman,JP,2022-11-17 14:29:00,26.1247,127.6694,75.58,88,100,13.8
498,Salalah,OM,2022-11-17 14:29:01,17.0151,54.0924,80.69,74,40,6.91
499,Khasan,RU,2022-11-17 14:29:01,42.4308,130.6434,42.67,81,0,3.98
500,Blagoyevo,RU,2022-11-17 14:29:01,63.3667,47.9167,7.74,96,48,4.41
501,Saint-Felicien,CA,2022-11-17 14:30:02,48.6501,-72.4491,23.68,80,100,12.66
502,Yellandu,IN,2022-11-17 14:30:04,17.6,80.3333,65.91,61,16,3.24
503,Onda,ES,2022-11-17 14:30:04,39.9667,-0.25,74.16,55,44,12.62
504,Hammond,US,2022-11-17 14:30:05,41.5834,-87.5,29.19,88,100,12.66
505,Sunrise Manor,US,2022-11-17 14:30:05,36.2111,-115.0731,45.3,41,0,5.75
506,Dingle,PH,2022-11-17 14:30:06,10.9995,122.6711,75.43,94,100,7.47
507,Qesarya,IL,2022-11-17 14:30:07,32.5189,34.9046,71.96,68,9,6.91
508,Pochinki,RU,2022-11-17 14:30:07,54.6988,44.8668,27.37,95,100,15.86
509,Road Town,VG,2022-11-17 14:26:08,18.4167,-64.6167,86.09,79,40,9.22
510,Weihai,CN,2022-11-17 14:30:08,37.5017,122.1136,53.26,75,0,9.57
511,Yeppoon,AU,2022-11-17 14:30:08,-23.1333,150.7333,65.98,60,12,7.11
512,Villa Bruzual,VE,2022-11-17 14:30:09,9.3328,-69.1208,80.94,77,100,2.28
513,Flin Flon,CA,2022-11-17 14:30:10,54.7682,-101.865,4.84,78,75,10.36
514,Palmer,US,2022-11-17 14:30:10,42.1584,-72.3287,40.51,76,75,4.0
515,Port Macquarie,AU,2022-11-17 14:30:10,-31.4333,152.9167,52.95,81,4,8.55
516,Atherton,GB,2022-11-17 14:30:11,53.5237,-2.4935,49.75,95,100,3.0
517,Camacari,BR,2022-11-17 14:25:35,-12.6975,-38.3242,83.97,52,45,7.67
518,Baghdad,IQ,2022-11-17 14:28:50,33.3406,44.4009,64.31,82,20,8.05
519,Kalemie,CD,2022-11-17 14:30:11,-5.9475,29.1947,75.78,76,100,4.09
520,Mulchen,CL,2022-11-17 14:30:13,-37.7167,-72.2333,67.86,38,37,4.79
521,Rio Gallegos,AR,2022-11-17 14:30:13,-51.6226,-69.2181,65.1,24,24,30.09
522,Ketchikan,US,2022-11-17 14:26:55,55.3422,-131.6461,35.65,82,18,5.93
523,Arlit,NE,2022-11-17 14:27:58,18.7369,7.3853,83.93,10,0,1.97
524,Tsiroanomandidy,MG,2022-11-17 14:30:14,-18.7667,46.0333,72.28,76,92,3.18
525,Yeniseysk,RU,2022-11-17 14:30:15,58.4497,92.1703,-1.89,92,88,5.88
526,Zabkowice Slaskie,PL,2022-11-17 14:30:15,50.5897,16.8124,37.15,99,100,7.58
527,Jiexiu,CN,2022-11-17 14:30:16,37.0244,111.9125,50.58,46,100,3.56
528,Padang,ID,2022-11-17 14:30:16,-0.9492,100.3543,75.25,84,100,4.03
529,Brownfield,US,2022-11-17 14:30:16,33.1812,-102.2744,32.95,50,4,10.63
530,Gushikawa,JP,2022-11-17 14:26:07,26.3544,127.8686,74.79,83,100,9.22
531,Imeni Poliny Osipenko,RU,2022-11-17 14:30:17,52.4201,136.4853,11.89,96,66,3.89
532,Denpasar,ID,2022-11-17 14:30:17,-8.65,115.2167,83.86,79,40,3.44
533,Bisira,PA,2022-11-17 14:30:18,8.5196,-81.7115,64.24,88,99,6.22
534,West Wendover,US,2022-11-17 14:30:18,40.7391,-114.0733,20.41,79,0,0.0
535,Lososina,RU,2022-11-17 14:30:19,48.9975,140.3106,24.75,74,9,4.83
536,Churapcha,RU,2022-11-17 14:30:19,62.0025,132.4325,-21.08,91,97,5.68
537,Pandan,PH,2022-11-17 14:30:20,14.0453,124.1694,78.22,90,100,9.48
538,Dubti,ET,2022-11-17 14:30:20,11.7361,41.0853,90.19,24,64,10.92
539,Shelburne,CA,2022-11-17 14:30:21,44.0787,-80.2041,25.25,88,81,10.45
540,Stara Synyava,UA,2022-11-17 14:30:21,49.6032,27.6191,30.4,98,100,9.91
541,Lake City,US,2022-11-17 14:30:22,30.1897,-82.6393,51.78,46,0,14.97
542,Hendek,TR,2022-11-17 14:30:22,40.7994,30.7481,62.96,42,99,6.69
543,Santana Do Ipanema,BR,2022-11-17 14:30:23,-9.3783,-37.2453,92.17,35,6,9.33
544,Peace River,CA,2022-11-17 14:26:27,56.2501,-117.286,2.66,96,20,5.75
545,Trail,CA,2022-11-17 14:30:23,49.0998,-117.7022,29.97,97,100,2.91
546,Lucea,JM,2022-11-17 14:30:24,18.451,-78.1736,85.86,71,100,9.19
547,Ballina,AU,2022-11-17 14:31:25,-28.8667,153.5667,57.02,89,70,5.79
548,Itacoatiara,BR,2022-11-17 14:31:25,-3.1431,-58.4442,96.04,38,83,3.65
549,Guacimo,CR,2022-11-17 14:31:26,10.2104,-83.6807,83.28,68,34,3.0
550,Fredonia,US,2022-11-17 14:30:56,42.4401,-79.3317,33.42,83,100,22.5
551,Goderich,CA,2022-11-17 14:30:27,43.7501,-81.7165,34.92,64,100,18.41
552,Sarana,RU,2022-11-17 14:31:26,56.4773,57.7259,8.31,94,17,2.8
553,North Myrtle Beach,US,2022-11-17 14:28:59,33.816,-78.68,47.08,78,0,3.44
554,Blackfoot,US,2022-11-17 14:31:27,43.1905,-112.345,22.01,93,92,4.43
555,Mumford,GH,2022-11-17 14:31:28,5.2618,-0.759,82.31,71,59,11.32
556,Nantucket,US,2022-11-17 14:28:55,41.2835,-70.0995,44.74,74,99,25.59
557,Rio De Janeiro,BR,2022-11-17 14:28:45,-22.9028,-43.2075,85.95,60,40,11.5
558,Namibe,AO,2022-11-17 14:31:28,-15.1961,12.1522,73.76,70,28,12.17
559,Fort Beaufort,ZA,2022-11-17 14:31:29,-32.7748,26.6338,65.19,67,100,8.9
560,Skalat,UA,2022-11-17 14:31:29,49.4273,25.9787,30.76,97,100,9.4
561,Abu Samrah,SY,2022-11-17 14:31:29,35.3029,37.1841,61.99,64,36,9.6
562,Gat,IL,2022-11-17 14:31:30,31.61,34.7642,68.68,100,20,6.24
563,Hulshout,BE,2022-11-17 14:31:30,51.0757,4.7945,55.98,78,100,11.01
564,Roccastrada,IT,2022-11-17 14:31:31,43.0099,11.1665,64.76,73,6,4.14
565,Hole Narsipur,IN,2022-11-17 14:31:31,12.7828,76.2431,65.8,60,88,6.33
566,Kilindoni,TZ,2022-11-17 14:31:31,-7.9139,39.6668,80.65,73,64,11.27
567,Vestmannaeyjar,IS,2022-11-17 14:31:32,63.4427,-20.2734,49.19,81,40,20.71
568,Russell,US,2022-11-17 14:31:32,32.3502,-85.1999,42.08,48,36,8.05
569,Tazovskiy,RU,2022-11-17 14:31:32,67.4667,78.7,9.9,88,100,20.96
570,Novaya Mayna,RU,2022-11-17 14:31:33,54.15,49.75,28.87,92,100,15.14
571,Drumheller,CA,2022-11-17 14:30:01,51.4617,-112.7101,4.84,78,11,5.75
572,Baykalovo,RU,2022-11-17 14:31:33,57.3981,63.7684,-5.62,94,5,2.68
573,Pasni,PK,2022-11-17 14:31:34,25.2631,63.471,79.93,66,5,12.75
574,Raudeberg,NO,2022-11-17 14:31:34,61.9875,5.1352,50.67,37,36,1.72
575,Lipari,IT,2022-11-17 14:31:34,38.4674,14.954,70.32,75,94,14.94
576,Tezu,IN,2022-11-17 14:31:35,27.9167,96.1667,62.13,54,0,4.41
577,Jacutinga,BR,2022-11-17 14:31:35,-22.2856,-46.6122,81.75,43,2,4.12
578,Kuala Sungai Baru,MY,2022-11-17 14:31:36,2.3594,102.0353,81.32,82,98,5.41
579,Gubkinskiy,RU,2022-11-17 14:31:36,64.434,76.5026,3.09,75,100,21.81
580,Olafsvik,IS,2022-11-17 14:31:36,64.8945,-23.7142,46.58,80,93,30.0
581,Beringovskiy,RU,2022-11-17 14:31:37,63.05,179.3167,27.37,95,100,15.73
582,Ulaangom,MN,2022-11-17 14:31:37,49.9811,92.0667,17.83,73,59,3.33
583,Chingirlau,KZ,2022-11-17 14:31:37,51.095,54.0814,30.11,83,100,17.11
584,Cururupu,BR,2022-11-17 14:31:38,-1.8283,-44.8683,84.2,64,100,3.96
585,Camargo,MX,2022-11-17 14:31:38,27.6667,-105.1667,42.94,55,0,2.19
586,Deputatskiy,RU,2022-11-17 14:31:38,69.3,139.9,-30.12,100,35,2.28
587,Magadan,RU,2022-11-17 14:31:39,59.5667,150.8,3.43,87,96,9.26
588,Biltine,TD,2022-11-17 14:31:40,14.5333,20.9167,89.38,14,0,5.86
589,Severobaykalsk,RU,2022-11-17 14:31:40,55.65,109.3167,23.72,78,99,3.85
590,Amposta,ES,2022-11-17 14:31:40,40.7131,0.581,76.23,61,92,6.64
591,Dunedin,NZ,2022-11-17 14:31:41,-45.8742,170.5036,53.8,96,100,1.99
592,Mahajanga,MG,2022-11-17 14:31:41,-15.7167,46.3167,82.42,74,20,11.5
593,Tocopilla,CL,2022-11-17 14:31:41,-22.092,-70.1979,68.7,68,58,4.23
594,Coquimbo,CL,2022-11-17 14:31:42,-29.9533,-71.3436,60.53,88,100,6.91
595,Bara,NG,2022-11-17 14:29:47,10.3744,10.7288,94.78,18,25,7.31
596,Bumba,CD,2022-11-17 14:31:42,2.1833,22.4667,73.85,83,98,2.15
597,Taraz,KZ,2022-11-17 14:32:42,42.9,71.3667,30.61,93,100,6.71
598,Kasongo-Lunda,CD,2022-11-17 14:32:42,-6.4667,16.8167,79.92,69,60,3.09
599,Rorvik,NO,2022-11-17 14:32:44,64.8621,11.2373,44.71,29,32,10.36
600,Sorland,NO,2022-11-17 14:32:44,67.667,12.6934,44.46,76,0,9.22
601,Itarema,BR,2022-11-17 14:32:44,-2.9248,-39.9167,90.09,51,9,16.02
602,Rock Sound,BS,2022-11-17 14:32:45,24.9,-76.2,80.2,73,36,7.07
603,Myitkyina,MM,2022-11-17 14:32:45,25.3833,97.4,61.02,72,0,2.37
604,Ayni,TJ,2022-11-17 14:32:45,39.3941,68.5377,39.04,50,98,7.29
605,Mariental,NA,2022-11-17 14:32:45,-24.6333,17.9667,98.85,6,3,16.02
606,Tacoronte,ES,2022-11-17 14:32:46,28.4769,-16.4102,71.92,50,0,10.36
607,Esperance,AU,2022-11-17 14:29:11,-33.8667,121.9,59.74,79,45,17.54
608,Karratha,AU,2022-11-17 14:32:46,-20.7377,116.8463,73.24,61,0,21.88
609,Yang Talat,TH,2022-11-17 14:32:46,16.3998,103.3679,85.96,80,79,2.89
610,New Amsterdam,GY,2022-11-17 14:32:47,6.25,-57.5167,88.66,56,100,4.76
611,Kidal,ML,2022-11-17 14:32:47,18.4411,1.4078,84.99,10,19,10.71
612,Nalut,LY,2022-11-17 14:32:47,30.3333,10.85,75.13,17,25,18.5
613,Bireun,ID,2022-11-17 14:32:48,5.203,96.7009,79.29,82,100,3.02
614,Nowy Targ,PL,2022-11-17 14:31:42,49.4778,20.0323,34.36,99,100,3.33
615,Hobyo,SO,2022-11-17 14:32:48,5.3505,48.5268,81.19,74,2,16.35
616,Guerrero Negro,MX,2022-11-17 14:32:49,27.9769,-114.0611,59.85,45,0,1.34
617,Klaksvik,FO,2022-11-17 14:32:49,62.2266,-6.589,49.12,85,100,37.89
618,Tigre,AR,2022-11-17 14:32:49,-34.426,-58.5796,82.06,53,0,14.97
619,Renqiu,CN,2022-11-17 14:32:50,38.6989,116.0936,49.71,61,75,3.89
620,Bekhtery,UA,2022-11-17 14:32:50,46.251,32.2927,54.68,94,100,12.24
621,Wexford,IE,2022-11-17 14:32:50,52.3342,-6.4575,50.13,84,46,12.48
622,Vao,NC,2022-11-17 14:32:51,-22.6667,167.4833,75.24,85,81,10.09
623,Zaragoza,ES,2022-11-17 14:32:51,41.6561,-0.8773,68.86,53,20,18.41
624,Jevargi,IN,2022-11-17 14:32:51,17.0167,76.7667,69.76,46,47,9.86
625,Siderno,IT,2022-11-17 14:28:25,38.2779,16.302,69.31,70,18,7.92
626,Pachino,IT,2022-11-17 14:32:51,36.7186,15.0907,67.48,78,75,20.11
627,Wad Rawah,SD,2022-11-17 14:32:52,15.1603,33.1397,87.46,14,8,10.67
628,Maningrida,AU,2022-11-17 14:32:52,-12.0667,134.2667,78.73,85,61,3.09
629,Arman,RU,2022-11-17 14:32:53,59.7,150.1667,-3.66,94,100,6.85
630,Carutapera,BR,2022-11-17 14:32:53,-1.195,-46.02,85.01,60,100,6.06
631,Whitehorse,CA,2022-11-17 14:30:38,60.7161,-135.0538,14.77,92,100,5.75
632,Wufeng,CN,2022-11-17 14:32:53,27.45,104.8333,45.43,84,70,4.12
633,Leh,IN,2022-11-17 14:28:07,34.1667,77.5833,17.47,64,0,3.36
634,Erzin,TR,2022-11-17 14:32:54,36.9559,36.2,59.88,78,24,2.71
635,Santa Maria Da Vitoria,BR,2022-11-17 14:32:54,-13.3947,-44.1886,82.89,59,100,2.04
636,Belize,BZ,2022-11-17 14:31:08,17.25,-88.75,75.52,91,92,2.24
637,Salisbury,GB,2022-11-17 14:32:12,51.0693,-1.7957,55.69,67,20,18.41
638,Andapa,MG,2022-11-17 14:32:51,-14.65,49.65,69.69,94,90,2.42
639,Mankono,CI,2022-11-17 14:32:54,8.0586,-6.1897,88.88,24,47,4.59
640,Morant Bay,JM,2022-11-17 14:32:55,17.8815,-76.4093,85.62,69,51,7.14
641,Tura,IN,2022-11-17 14:32:55,25.5198,90.2201,63.36,88,0,4.0
642,Ekhabi,RU,2022-11-17 14:32:55,53.5102,142.9671,10.33,95,83,5.06
643,Saint Anthony,US,2022-11-17 14:32:55,45.0205,-93.218,28.29,87,100,17.27
644,Tomaszow Lubelski,PL,2022-11-17 14:33:56,50.4477,23.4162,30.61,97,100,7.94
645,Liverpool,GB,2022-11-17 14:28:57,53.4106,-2.9779,50.14,95,100,16.11
646,Sovetskaya Gavan,RU,2022-11-17 14:33:56,48.9723,140.2878,24.22,74,8,4.65
647,Mgandu,TZ,2022-11-17 14:33:56,-5.95,34.1333,72.73,56,98,7.14
648,Tilichiki,RU,2022-11-17 14:33:57,60.4667,166.1,3.42,97,54,6.62
649,Santa Cruz,BO,2022-11-17 14:33:30,-17.8,-63.1667,89.65,40,20,8.05
650,Antofagasta,CL,2022-11-17 14:31:39,-23.65,-70.4,67.28,68,18,7.67
651,Ous,RU,2022-11-17 14:33:57,60.9058,61.5186,0.25,94,5,5.55
652,Chumikan,RU,2022-11-17 14:33:57,54.7183,135.315,17.85,78,82,11.99
653,Catuday,PH,2022-11-17 14:33:58,16.2923,119.8062,80.4,71,55,8.41
654,Krasnyy Chikoy,RU,2022-11-17 14:33:58,50.3643,108.7512,17.6,97,95,2.44
655,Benghazi,LY,2022-11-17 14:33:58,32.1167,20.0667,72.61,56,0,13.69
656,Waipawa,NZ,2022-11-17 14:33:59,-41.4122,175.5153,53.49,96,100,4.07
657,Soe,ID,2022-11-17 14:33:59,-9.8607,124.284,70.25,90,100,2.84
658,Trelew,AR,2022-11-17 14:33:59,-43.249,-65.3051,84.42,23,93,16.55
659,Alice Springs,AU,2022-11-17 14:33:59,-23.7,133.8833,71.15,64,98,6.91
660,Moree,AU,2022-11-17 14:34:00,-29.4667,149.85,57.02,47,0,5.7
661,De-Kastri,RU,2022-11-17 14:34:00,51.4667,140.7833,16.57,88,10,3.49
662,Guaraniacu,BR,2022-11-17 14:34:00,-25.1008,-52.8781,77.88,36,30,3.6
663,Sao Gabriel Da Cachoeira,BR,2022-11-17 14:34:01,-0.1303,-67.0892,76.8,94,100,2.3
664,Damghan,IR,2022-11-17 14:34:01,36.1683,54.348,54.5,51,100,3.94
665,Asyut,EG,2022-11-17 14:34:01,27.181,31.1837,71.78,37,100,8.3
666,Sur,OM,2022-11-17 14:34:02,22.5667,59.5289,77.77,66,8,5.53
667,Yerbogachen,RU,2022-11-17 14:32:57,61.2767,108.0108,-8.28,99,72,5.5
668,Khunti,IN,2022-11-17 14:34:03,23.0833,85.2833,66.31,60,0,6.8
669,Vagur,FO,2022-11-17 14:34:04,61.4732,-6.8119,47.26,84,100,36.1
670,Upata,VE,2022-11-17 14:34:04,8.0086,-62.3989,81.19,63,79,4.25
671,Fenyi,CN,2022-11-17 14:34:05,27.8112,114.6681,60.49,85,83,2.17
672,Rioblanco,CO,2022-11-17 14:34:05,3.5308,-75.6806,67.51,82,97,0.69
673,Jibuti,DJ,2022-11-17 14:32:43,11.5,42.5,75.43,56,77,13.78
674,Havre-Saint-Pierre,CA,2022-11-17 14:34:06,50.2334,-63.5986,28.4,86,100,14.97
675,Srednekolymsk,RU,2022-11-17 14:31:17,67.45,153.6833,-10.39,96,100,14.45
676,Trinidad,BO,2022-11-17 14:34:06,-14.8333,-64.9,89.58,66,10,0.0
677,Cabadiangan,PH,2022-11-17 14:34:07,9.7531,122.4739,78.33,82,100,5.68
678,Dongargaon,IN,2022-11-17 14:34:07,20.9667,80.85,67.73,48,56,2.82
679,Abu Dhabi,AE,2022-11-17 14:32:16,24.4667,54.3667,84.31,66,0,6.91
680,Margate,GB,2022-11-17 14:34:08,51.3813,1.3862,55.9,78,100,7.0
